Date,League,HomeTeam,AwayTeam,ExpTotal,HomeExpGoals,HomeUnder15,HomeUnder25,AwayExpGoals,AwayUnder15,AwayUnder25
2026-10-10T16:30:00.000Z,Stoiximan Super League,Asteras Aktor,Atromitos Athens,2.27,1.04,72,91,1.23,65,87
2026-10-10T18:45:00.000Z,Serie A,Napoli,Frosinone,2.53,1.03,72,91,1.5,56,81
2026-10-10T16:30:00.000Z,Stoiximan Super League,AEK Athens,OFI Crete,2.61,1.62,52,78,0.99,74,92
2026-10-10T17:30:00.000Z,Serie B,Arezzo,Cremonese,3.09,1.29,63,86,1.8,46,73
2026-10-10T16:00:00.000Z,Serie A,Inter,Parma,3.49,2.37,32,58,1.12,69,90
2026-10-10T18:00:00.000Z,Ligue 2,Saint-Étienne,Rodez AF,5.2,3.55,13,31,1.65,51,77
2026-10-11T18:00:00.000Z,Stoiximan Super League,Olympiacos FC,Panathinaikos,1.69,0.56,89,98,1.13,69,89
2026-10-11T14:00:00.000Z,Stoiximan Super League,Iraklis 1908,APO Levadiakos,1.69,1.23,65,87,0.46,92,99
2026-10-11T18:45:00.000Z,Serie A,Cagliari,Juventus,1.7,0.85,79,95,0.85,79,95
2026-10-11T15:15:00.000Z,Serie B,Padova,Carrarese,1.75,1.05,72,91,0.7,84,97
2026-10-11T13:00:00.000Z,Serie A,Lecce,Bologna,2.19,1.05,72,91,1.14,68,89
2026-10-11T14:00:00.000Z,Stoiximan Super League,AE Kifisia,Panetolikos,2.62,1.04,72,91,1.58,53,79
2026-10-11T16:00:00.000Z,Stoiximan Super League,Aris Thessaloniki,NPS Volos,2.73,1.4,59,83,1.33,62,85
2026-10-11T17:30:00.000Z,Serie B,Modena,Hellas Verona,2.86,1.55,54,80,1.31,62,85
2026-10-11T13:00:00.000Z,Serie B,Catanzaro,Mantova,3.09,0.95,75,93,2.14,37,64
2026-10-11T10:30:00.000Z,Serie A,Como,Roma,3.12,1.06,71,91,2.06,39,66
2026-10-11T13:00:00.000Z,Serie A,Lazio,Monza,3.18,2.2,35,62,0.98,74,92
2026-10-11T16:00:00.000Z,Serie A,Sassuolo,Milan,3.29,1.21,66,88,2.08,38,66
2026-10-12T18:45:00.000Z,Ligue 2,Dijon,Metz,2.68,1.18,67,88,1.5,56,81
2026-10-12T16:30:00.000Z,Serie A,Atalanta,Venezia,2.79,1.76,47,74,1.03,72,91
2026-10-12T18:45:00.000Z,Serie A,Torino,Udinese,3.21,1.55,54,80,1.66,51,77
2026-10-12T15:00:00.000Z,Stoiximan Super League,PAOK,PS Kalamata,3.37,2.3,33,60,1.07,71,91
2026-10-16T18:00:00.000Z,Ligue 2,Grenoble Foot 38,US Boulogne Côte-d'Opale,1.57,0.77,82,96,0.8,81,95
2026-10-16T18:00:00.000Z,Ligue 2,Annecy FC,Nancy,2.39,1.09,70,90,1.3,63,86
2026-10-16T18:00:00.000Z,Ligue 2,Guingamp,Pau FC,2.59,1.09,70,90,1.5,56,81
2026-10-16T18:00:00.000Z,Ligue 2,Stade Lavallois,Clermont Foot,2.68,1.3,63,86,1.38,60,84
2026-10-16T18:45:00.000Z,Serie A,Frosinone,Sassuolo,3.14,1.93,43,70,1.21,66,88
2026-10-16T18:30:00.000Z,Serie B,Hellas Verona,Catanzaro,3.3,2.14,37,64,1.16,68,89
2026-10-16T18:00:00.000Z,Ligue 2,Stade de Reims,Dijon,3.43,2.03,40,67,1.4,59,83
2026-10-17T12:00:00.000Z,Ligue 2,Metz,Sochaux,1.48,0.74,83,96,0.74,83,96
2026-10-17T14:00:00.000Z,Stoiximan Super League,APO Levadiakos,NPS Volos,1.83,0.6,88,98,1.23,65,87
2026-10-17T13:00:00.000Z,Serie B,Carrarese,Modena,1.96,0.56,89,98,1.4,59,83
2026-10-17T13:00:00.000Z,Serie B,Ascoli,Empoli,2.17,1.43,58,83,0.74,83,96
2026-10-17T13:00:00.000Z,Serie B,Padova,Virtus Entella,2.28,1.04,72,91,1.24,65,87
2026-10-17T12:00:00.000Z,Ligue 2,Nantes,USL Dunkerque,2.73,1.5,56,81,1.23,65,87
2026-10-17T13:00:00.000Z,Serie B,Benevento,L.R. Vicenza,2.77,1.74,48,75,1.03,72,91
2026-10-17T17:30:00.000Z,Serie B,Pisa,Cremonese,2.81,1.55,54,80,1.26,64,87
2026-10-17T13:00:00.000Z,Serie A,Venezia,Napoli,3.07,0.94,76,93,2.13,37,64
2026-10-17T16:00:00.000Z,Serie A,Bologna,Inter,3.16,0.99,74,92,2.17,36,63
2026-10-17T15:15:00.000Z,Serie B,Mantova,Palermo,3.3,1.61,52,78,1.69,50,76
2026-10-17T18:45:00.000Z,Serie A,Roma,Genoa,3.38,2.72,25,49,0.66,86,97
2026-10-17T18:00:00.000Z,Ligue 2,Red Star FC,Saint-Étienne,3.68,1.38,60,84,2.3,33,60
2026-10-18T14:00:00.000Z,Stoiximan Super League,Panetolikos,Olympiacos FC,1.88,0.84,79,95,1.04,72,91
2026-10-18T13:00:00.000Z,Serie B,Juve Stabia,Südtirol,2.03,0.58,88,98,1.45,57,82
2026-10-18T18:45:00.000Z,Serie A,Juventus,Lazio,2.1,0.98,74,92,1.12,69,90
2026-10-18T17:00:00.000Z,Stoiximan Super League,AE Kifisia,Aris Thessaloniki,2.51,1.33,62,85,1.18,67,88
2026-10-18T16:00:00.000Z,Serie A,Milan,Atalanta,2.61,1.76,47,74,0.85,79,95
2026-10-18T13:00:00.000Z,Stoiximan Super League,PS Kalamata,OFI Crete,2.66,0.94,76,93,1.72,49,75
2026-10-18T18:00:00.000Z,Stoiximan Super League,PAOK,Iraklis 1908,2.76,1.91,43,70,0.85,79,95
2026-10-18T15:15:00.000Z,Serie B,Cesena,Avellino,2.8,1.13,69,89,1.67,50,77
2026-10-18T14:30:00.000Z,Stoiximan Super League,Panathinaikos,Asteras Aktor,3.07,2.51,29,54,0.56,89,98
2026-10-18T10:30:00.000Z,Serie A,Udinese,Lecce,3.48,1.93,43,70,1.55,54,80
2026-10-18T13:00:00.000Z,Serie A,Fiorentina,Como,3.5,1.14,68,89,2.36,32,58
2026-10-18T17:30:00.000Z,Serie B,Sampdoria,Arezzo,3.55,1.77,47,74,1.78,47,74
2026-10-19T18:45:00.000Z,Serie A,Parma,Torino,2.27,1.12,69,90,1.15,68,89
2026-10-19T16:30:00.000Z,Serie A,Monza,Cagliari,2.51,0.85,79,95,1.66,51,77
2026-10-19T16:45:00.000Z,Ligue 2,Rodez AF,Montpellier,2.79,1.09,70,90,1.7,49,76
