Date,League,Team,HomeAway,Opponent,ExpGoals,Under15,Under25,Last5Goals
2026-10-10T16:30:00.000Z,Stoiximan Super League,OFI Crete,Away,AEK Athens,0.99,74,92,2/1/2/1/2
2026-10-10T16:30:00.000Z,Stoiximan Super League,Asteras Aktor,Home,Atromitos Athens,1.04,72,91,1/0/0/1/2
2026-10-10T18:45:00.000Z,Serie A,Napoli,Home,Frosinone,1.03,72,91,2/1/2/1/1
2026-10-10T16:00:00.000Z,Serie A,Parma,Away,Inter,1.12,69,90,0/0/1/1/2
2026-10-11T14:00:00.000Z,Stoiximan Super League,APO Levadiakos,Away,Iraklis 1908,0.46,92,99,0/0/0/0/0
2026-10-11T18:00:00.000Z,Stoiximan Super League,Olympiacos FC,Home,Panathinaikos,0.56,89,98,1/1/1/0/1
2026-10-11T15:15:00.000Z,Serie B,Carrarese,Away,Padova,0.7,84,97,1/1/0/0/0
2026-10-11T18:45:00.000Z,Serie A,Cagliari,Home,Juventus,0.85,79,95,1/0/1/2/1
2026-10-11T18:45:00.000Z,Serie A,Juventus,Away,Cagliari,0.85,79,95,1/2/1/2/2
2026-10-11T13:00:00.000Z,Serie B,Catanzaro,Home,Mantova,0.95,75,93,2/1/0/1/1
2026-10-11T13:00:00.000Z,Serie A,Monza,Away,Lazio,0.98,74,92,1/2/1/2/2
2026-10-11T15:15:00.000Z,Serie B,Padova,Home,Carrarese,1.05,72,91,1/1/1/1/1
2026-10-11T13:00:00.000Z,Serie A,Lecce,Home,Bologna,1.05,72,91,2/0/0/3/0
2026-10-11T14:00:00.000Z,Stoiximan Super League,AE Kifisia,Home,Panetolikos,1.04,72,91,1/0/1/0/2
2026-10-11T10:30:00.000Z,Serie A,Como,Home,Roma,1.06,71,91,1/2/4/2/0
2026-10-12T16:30:00.000Z,Serie A,Venezia,Away,Atalanta,1.03,72,91,0/0/2/2/0
2026-10-12T15:00:00.000Z,Stoiximan Super League,PS Kalamata,Away,PAOK,1.07,71,91,2/0/1/3/0
2026-10-16T18:00:00.000Z,Ligue 2,Grenoble Foot 38,Home,US Boulogne Côte-d'Opale,0.77,82,96,0/0/3/1/1/1/0
2026-10-16T18:00:00.000Z,Ligue 2,US Boulogne Côte-d'Opale,Away,Grenoble Foot 38,0.8,81,95,0/1/0/1/0/1/1
2026-10-16T18:00:00.000Z,Ligue 2,Annecy FC,Home,Nancy,1.09,70,90,2/1/1/2/1/1/1
2026-10-16T18:00:00.000Z,Ligue 2,Guingamp,Home,Pau FC,1.09,70,90,1/0/3/2/2/1/0
2026-10-17T14:00:00.000Z,Stoiximan Super League,APO Levadiakos,Home,NPS Volos,0.6,88,98,0/0/0/0/0
2026-10-17T13:00:00.000Z,Serie B,Carrarese,Home,Modena,0.56,89,98,1/1/0/0/0
2026-10-17T18:45:00.000Z,Serie A,Genoa,Away,Roma,0.66,86,97,0/0/1/1/1/2
2026-10-17T12:00:00.000Z,Ligue 2,Metz,Home,Sochaux,0.74,83,96,2/0/1/1/4/0/2
2026-10-17T12:00:00.000Z,Ligue 2,Sochaux,Away,Metz,0.74,83,96,0/1/0/1/1/1/1
2026-10-17T13:00:00.000Z,Serie B,Empoli,Away,Ascoli,0.74,83,96,1/1/1/0/1/2
2026-10-17T13:00:00.000Z,Serie A,Venezia,Home,Napoli,0.94,76,93,0/0/2/2/0
2026-10-17T16:00:00.000Z,Serie A,Bologna,Home,Inter,0.99,74,92,0/0/2/0/1
2026-10-17T13:00:00.000Z,Serie B,Padova,Home,Virtus Entella,1.04,72,91,1/1/1/1/1
2026-10-17T13:00:00.000Z,Serie B,L.R. Vicenza,Away,Benevento,1.03,72,91,3/0/2/1/1
2026-10-18T13:00:00.000Z,Serie B,Juve Stabia,Home,Südtirol,0.58,88,98,0/2/0/1/1/1
2026-10-18T14:30:00.000Z,Stoiximan Super League,Asteras Aktor,Away,Panathinaikos,0.56,89,98,1/0/0/1/2
2026-10-18T14:00:00.000Z,Stoiximan Super League,Panetolikos,Home,Olympiacos FC,0.84,79,95,3/2/2/0/1
2026-10-18T16:00:00.000Z,Serie A,Atalanta,Away,Milan,0.85,79,95,2/1/1/1/0
2026-10-18T18:00:00.000Z,Stoiximan Super League,Iraklis 1908,Away,PAOK,0.85,79,95,0/1/2/1/0
2026-10-18T13:00:00.000Z,Stoiximan Super League,PS Kalamata,Home,OFI Crete,0.94,76,93,2/0/1/3/0
2026-10-18T18:45:00.000Z,Serie A,Juventus,Home,Lazio,0.98,74,92,1/2/1/2/2
2026-10-18T14:00:00.000Z,Stoiximan Super League,Olympiacos FC,Away,Panetolikos,1.04,72,91,1/1/1/0/1
2026-10-18T18:45:00.000Z,Serie A,Lazio,Away,Juventus,1.12,69,90,1/1/2/2/2
2026-10-19T16:30:00.000Z,Serie A,Monza,Home,Cagliari,0.85,79,95,1/2/1/2/2
2026-10-19T18:45:00.000Z,Serie A,Parma,Home,Torino,1.12,69,90,0/0/1/1/2
2026-10-19T16:45:00.000Z,Ligue 2,Rodez AF,Home,Montpellier,1.09,70,90,3/0/5/2/1/0/3
